﻿<?xml version="1.0" encoding="utf-8"?>
<Window >
  <VerticalLayout width="820" left="0" right="0" top="0" bottom="0">
    <Label text="Disclaimer" height="35" align="center,venter" font="22" />
    <VerticalLayout height="53" />
    <HorizontalLayout height="310">
      <HorizontalLayout />
      <RichEdit name="dlm_license" backgroundtransparent="true" readonly="true" font="14" padding="30,0,15,0" textcolor="#888888" width="700"  height="310" text="" vscrollbar="true" enabled="false"/>
      <HorizontalLayout />
    </HorizontalLayout>
    <HorizontalLayout height="1">
      <HorizontalLayout />
      <Control width="760" height="1" bkimage="drawable\seperate_line.png" align="center,venter" />
      <HorizontalLayout />
    </HorizontalLayout>
    <VerticalLayout height="35" />
    <HorizontalLayout height="44" childalign="center" childvalign="vcenter">
      <VerticalLayout />
      <Button name="dlm_agree" text="Agree" font="14" width="143" normalimage="file='drawable\common_btn.png' source='0,0,142,42'" hotimage="file='drawable\common_btn.png' source='142,0,284,42'" pushedimage="file='drawable\common_btn.png' source='284,0,426,42'" />
      <VerticalLayout width="15" />
      <Button name="dlm_disagree" text="Don't agree" font="14" width="143" normalimage="file='drawable\common_btn.png' source='0,0,142,42'" hotimage="file='drawable\common_btn.png' source='142,0,284,42'" pushedimage="file='drawable\common_btn.png' source='284,0,426,42'" />
      <VerticalLayout />
    </HorizontalLayout>
    <HorizontalLayout height="35" />
  </VerticalLayout>
</Window>
