<?xml version="1.0" encoding="UTF-8"?>
<Window size="450,155" roundcorner="4,4" caption="0,0,0,50" showdirty="false">
	<Include source="style.xml" />
	<!--back image-->
	<VerticalLayout left="0" top="0" width="450" height="155" align="near, venter" bkimage="file='drawable\about_bg.png' source='1,1,590,420' corner='4,33,4,4'">
		<!--title bar -->
		<HorizontalLayout left="0" top="6" height="35" width="450" align="center, venter">
			<!--left spaece-->
			<HorizontalLayout width="14"/>
			<!--picture -->
			<VerticalLayout width="26">
				<VerticalLayout />
				<Control width="16" height="16" bkimage="drawable\common_icon_info.png" backgroundtransparent="true" align="center,venter"/> 
				<VerticalLayout />
			</VerticalLayout >
			
			<!--daloge name-->
			<VerticalLayout width="130" >
				<VerticalLayout />
				<Label text="Unlock tips" align="left" font="14" textcolor="#888888"/>
				<VerticalLayout />
			</VerticalLayout >
			<HorizontalLayout width="250" />
			<!--close button-->
			<VerticalLayout >
				<VerticalLayout width="11"/>
				<Button name="sys_close_btn" width="11" height="11" normalimage="file='drawable\close.png' source='0,0,11,11'" hotimage="file='drawable\close.png' source='11,0,22,11'" pushedimage="file='drawable\close.png' source='22,0,33,11'"/>
				<VerticalLayout />
			</VerticalLayout >
			<HorizontalLayout width="16" />
		</HorizontalLayout >
		
		<!--message content -->
		<VerticalLayout height="120" width="450">
			<VerticalLayout height="20"/>
			
			<!--message text -->
			<VerticalLayout height="20">
				<HorizontalLayout  >	
					<Label text="Unlock the phone will clear all data, continue to unlock?" align="center" font="14" textcolor="#888888"/>
				</HorizontalLayout >
			</VerticalLayout >
			<VerticalLayout height="20"/>
			<!--message button -->
			<VerticalLayout height="32">
				<HorizontalLayout  >	
					<HorizontalLayout  />
					<Button name="yes_btn" text="Yes" textcolor="#FF0000" width="100" height="32" normalimage="file='drawable\common_btn.png' source='0,0,142,42' corner='4,4,4,4'" hotimage="file='drawable\common_btn.png' source='142,0,284,42' corner='4,4,4,4'" pushedimage="file='drawable\common_btn.png' source='284,0,426,42' corner='4,4,4,4'" focusedimage="file='drawable\common_btn.png' source='426,0,568,42' corner='4,4,4,4'" backgroundtransparent="true" align="center,venter" />
					<HorizontalLayout width="70" />
					<Button name="no_btn" text="No" width="100" height="32" normalimage="file='drawable\common_btn.png' source='0,0,142,42' corner='4,4,4,4'" hotimage="file='drawable\common_btn.png' source='142,0,284,42' corner='4,4,4,4'" pushedimage="file='drawable\common_btn.png' source='284,0,426,42' corner='4,4,4,4'" focusedimage="file='drawable\common_btn.png' source='426,0,568,42' corner='4,4,4,4'" backgroundtransparent="true" align="center,venter" />
					<HorizontalLayout  />
				</HorizontalLayout >
			</VerticalLayout >
			<VerticalLayout height="15"/>
		</VerticalLayout >
		
	</VerticalLayout >
</Window>